Day #,Date,Weekday,Day Title,Name,Time,Category,Region,Description,Logistics,Booking,Companions,Nanako Work Day,Friends Highlight,Budget (JPY),Budget (AUD),Notes,Google Place,Google Address,Google Rating,Google Reviews,Google Maps URL,Google Phone,Google Website
1,2025-11-14,Friday,Arrival glow-up in Osaka,Kansai International Airport,10:30-12:00,Arrival,Osaka,"Touch down, breeze through Smart Immigration, and pick up ICOCA & Haruka passes for the fortnight of Kansai adventures.",Follow signage to JR Ticket Office (Level 2) for the ICOCA & HARUKA bundle; allow 45 minutes for immigration & luggage.,Pre-fill Visit Japan Web QR codes; seat reservations optional on Haruka Express (green car recommended with luggage).,You + Nana (evening meet-up),Yes,You + Nana (evening meet-up),¥0,A$0.00,Flight arrival planned for 10:30 JST — adjust if airline changes schedule.,Terminal 1,"Terminal 1, Osaka, Japan",,,https://maps.google.com/?cid=12104414214768042484,,
1,2025-11-14,Friday,Arrival glow-up in Osaka,Hotel Agora Osaka Moriguchi,12:45-13:30,Lodging,Osaka (Keihan Line),Check into a sleek Keihan-line base so Nana can commute easily on work days while you explore nearby neighbourhood cafés.,Haruka to Tennoji (45 min) → Osaka Loop to Kyobashi → Keihan express to Moriguchishi (total ~75 min). Request corner room with river view.,"Reserve flexible twin (Nov 14–18, 20–22, 25–26) on official site with breakfast add-on; note late check-in if flights delay.",You + Nana,Yes,You + Nana,"¥24,000",A$228.57,Use luggage forwarding desk to send Kyoto overnight bag on 19 Nov.,Hotel Agora Osaka Moriguchi,"10-5 Kawaharachō, Moriguchi, Osaka 570-0038, Japan",4,2599,https://maps.google.com/?cid=13148145580788093834,+81 6-6994-1111,https://www.hotelagora-moriguchi.com/
1,2025-11-14,Friday,Arrival glow-up in Osaka,Dōtonbori promenade,17:00-18:00,Neighbourhood Stroll,Osaka,"Ease into the neon with a golden-hour stroll beneath the Glico sign, sampling street snacks and capturing the first couple snaps.",Keihan line to Yodoyabashi → Midosuji subway to Namba (30 min). Hit Don Quijote for Suica/ICOCA top-ups and trip mascot souvenirs.,None; aim for 17:00 for dusk reflections.,You + Nana,Yes,You + Nana,"¥2,000",A$19.05,Pick up matching gachapon keychains as kick-off ritual.,Dotonbori,"Dotonbori, Chuo Ward, Osaka, 542-0071, Japan",,,https://maps.google.com/?cid=16446419638008461065,,
1,2025-11-14,Friday,Arrival glow-up in Osaka,Tonbori River Cruise,18:15-18:45,Experience,Osaka,Sail past Osaka’s LED canyon; perfect for first-night wow shots and a quick rest for jet-lagged feet.,Board at Tazaemon-bashi Dock. Arrive 15 minutes early to swap QR voucher for tickets.,"Reserve online (¥1,200 pp); choose front-row seats for unobstructed photos.",You + Nana,Yes,You + Nana,"¥2,400",A$22.86,Pack light jacket — November breezes over the canal can be crisp.,Tombori River Cruise (Tazaemon Bridge Pier),"7-13 Souemonchō, Chuo Ward, Osaka, 542-0084, Japan",4.4,1813,https://maps.google.com/?cid=11944000788392540382,+81 50-1807-4118,http://www.ipponmatsu.co.jp/cruise/tombori.html
1,2025-11-14,Friday,Arrival glow-up in Osaka,Mizuno Okonomiyaki,19:00-20:30,Food,Osaka,"Celebrate night one with caramelised okonomiyaki on a teppan counter, pairing yuzu highballs with the flagship yam batter.",Queue likely ~30 minutes; add name at 18:30 then explore Hozenji Yokocho until called. Order “Yamaimo-yaki” and seasonal special.,"No reservations; cash-focused (¥2,500 pp).",You + Nana,Yes,You + Nana,"¥5,000",A$47.62,Request English menu for limited-time toppings.,Okonomiyaki Mizuno,"1-chōme-4-15 Dōtonbori, Chuo Ward, Osaka, 542-0071, Japan",3.8,2948,https://maps.google.com/?cid=14993068628475195202,+81 6-6212-6360,https://mizuno.gorp.jp/
1,2025-11-14,Friday,Arrival glow-up in Osaka,Hozenji Yokocho lantern walk,20:30-21:15,Night Stroll,Osaka,"Wind down along the mossy alley, wash the Fudō-myōō statue for blessings, and grab warabi-mochi to-go for the train ride home.",2-minute walk from Mizuno. Keihan trains run until after midnight back to Moriguchishi (last rapid ~23:50).,None.,You + Nana,Yes,You + Nana,"¥1,200",A$11.43,Collect omamori for safe travels + relationship luck.,Hozenji Yokocho,"1 Chome-7 Namba, Chuo Ward, Osaka, 542-0076, Japan",4.3,320,https://maps.google.com/?cid=1940503935653472466,,
2,2025-11-15,Saturday,Osaka street style & illuminated nights,Brooklyn Roasting Company Kitahama,09:00-10:00,Coffee,Osaka,Fuel up riverside with Kyoto-sourced beans and plan the day over almond croissants in the airy loft.,Keihan express to Kitahama (20 min). Grab window seats upstairs for canal views.,None; arrive before 09:30 to beat the weekend crowd.,You + Nana,No,You + Nana,"¥1,800",A$17.14,Bring reusable tumbler for iced seasonal blends.,Brooklyn Roasting Company Kitahama,"Japan, 〒541-0041 Osaka, Chuo Ward, Kitahama, 1-chōme−1−９ ハウザー 北浜ビル 1F",4.4,1747,https://maps.google.com/?cid=3143396422888168986,+81 6-6125-5740,http://brooklynroasting.jp/
2,2025-11-15,Saturday,Osaka street style & illuminated nights,Shinsaibashi-suji & Amerikamura treasure hunt,10:15-13:00,Shopping,Osaka,"Blend Shinsaibashi flagship finds with Amerikamura thrift gems—hunt vintage Harajuku vibes, refill skincare at @cosme, and hit Kinji for statement pieces.",Walk from Kitahama via Midosuji (15 min). Use lockers at Shinsaibashi Station to store purchases before lunch.,None; map favourite boutiques in advance on shared Google Map.,You + Nana,No,You + Nana,"¥15,000",A$142.86,"Drop by WEGO, BAPE, and vinyl at Timebomb Records.",Shinsaibashi-Suji Shopping Street,"2-chōme-2-22 Shinsaibashisuji, Chuo Ward, Osaka, 542-0085, Japan",4.3,19750,https://maps.google.com/?cid=7087755665176380195,+81 6-6211-1114,https://www.shinsaibashi.or.jp/
2,2025-11-15,Saturday,Osaka street style & illuminated nights,Kuromon Ichiba Market tasting lunch,13:15-14:30,Food,Osaka,"Grazing lunch of toro nigiri, charcoal-grilled scallops, and strawberry daifuku while chatting with fishmongers.","5-minute walk to Kuromon. Bring cash for stall snacks; aim for 6-8 bites (~¥3,000 pp).",Optional: pre-book Kuromon tasting tour for insider stalls.,You + Nana,No,You + Nana,"¥6,000",A$57.14,Pick up fruit gift for Nana’s parents.,Kuromon Market,"2 Chome-21 Nipponbashi, Chuo Ward, Osaka, 542-0073, Japan",4.1,19224,https://maps.google.com/?cid=12402117845945925953,,https://kuromon.com/jp/
2,2025-11-15,Saturday,Osaka street style & illuminated nights,Namba Yasaka Shrine guardian photos,15:00-15:40,Culture,Osaka,Snap surreal shots in front of the iconic lion-head stage and leave ema wishes for the journey.,10-minute stroll from Kuromon via backstreets; best lighting mid-afternoon.,None.,You + Nana,No,You + Nana,¥500,A$4.76,Collect goshuin stamp for the travel shrine book.,Namba Yasaka Jinja,"2-chōme-9-19 Motomachi, Naniwa Ward, Osaka, 556-0016, Japan",4.4,12235,https://maps.google.com/?cid=9278387310004857503,+81 6-6641-1149,https://nambayasaka.jp/
2,2025-11-15,Saturday,Osaka street style & illuminated nights,teamLab Botanical Garden Osaka,18:00-20:00,Immersive Art,Osaka,"Nighttime digital art woven through Nagai Botanical Garden—glowing eggs, mirrored ponds, and luminous bamboo groves.",Subway Midosuji Line to Nagai (20 min from Shinsaibashi). Allow 90 minutes to wander loops; bring lightweight tripod alternative.,"Secure 18:00 entry slot (¥1,800 pp) through teamLab website two months ahead.",You + Nana,No,You + Nana,"¥3,600",A$34.29,Check weather—open-air event; reschedule option needed if heavy rain.,teamLab Botanical Garden Osaka,"1-23 Nagaikōen, Higashisumiyoshi Ward, Osaka, 546-0034, Japan",3.9,2109,https://maps.google.com/?cid=4949594704093356283,+81 6-6699-5120,https://www.teamlab.art/jp/e/botanicalgarden/
3,2025-11-16,Sunday,Kyoto Arashiyama & Fushimi fairytale,Arashiyama Bamboo Grove,06:30-07:30,Nature,Kyoto,"Catch the bamboo groves before crowds arrive, capturing misty light beams and atmospheric morning sounds.",Keihan to Demachiyanagi → Hankyu to Arashiyama (~60 min). Ride first Hankyu departure 05:30 to arrive pre-dawn.,None; pack tripod and optional kimono rental from 8:00 onwards.,You + Nana,No,You + Nana,¥0,A$0.00,Consider hiring local photographer for 07:00 mini-shoot.,Arashiyama Bamboo Forest,"Sagaogurayama Tabuchiyamacho, Ukyo Ward, Kyoto, 616-8394, Japan",4.4,17629,https://maps.google.com/?cid=18131488233213033693,+81 75-343-0548,https://ja.kyoto.travel/tourism/single01.php?category_id=8&tourism_id=2683
3,2025-11-16,Sunday,Kyoto Arashiyama & Fushimi fairytale,Tenryu-ji Temple & Sogenchi Garden,07:45-09:15,Culture,Kyoto,"Explore UNESCO Zen gardens glowing with momiji, and sip matcha overlooking the koi pond.",Entrance ¥500 + ¥300 for garden. Use north gate to exit directly into bamboo grove.,Reserve shojin-ryori breakfast at Shigetsu for 8:00 seating if desired.,You + Nana,No,You + Nana,"¥1,600",A$15.24,Check foliage reports for peak colour adjustments.,Tenryu-ji,"Japan, 〒616-8385 京都府京都市右京区嵯峨天龍寺芒ノ馬場町６８",4.4,15128,https://maps.google.com/?cid=14815785984447432896,+81 75-881-1235,https://www.tenryuji.com/
3,2025-11-16,Sunday,Kyoto Arashiyama & Fushimi fairytale,Riverside soba at Arashiyama Yoshimura,11:00-12:00,Food,Kyoto,Warm up with handmade soba and tempura while overlooking Togetsukyo Bridge from tatami seating.,"Add name to queue by 10:30; ask for second-floor window seat. Average spend ¥2,000 pp.",No reservations; request English menu for seasonal soba.,You + Nana,No,You + Nana,"¥4,000",A$38.10,Order yuba sashimi sampler to share.,Arashiyama Yoshimura,"Japan, 〒616-8385 京都府京都市右京区嵯峨天龍寺芒ノ馬場町３",4.2,2441,https://maps.google.com/?cid=14941654592724285625,+81 75-863-5700,https://yoshimura-gr.com/arashiyama/
3,2025-11-16,Sunday,Kyoto Arashiyama & Fushimi fairytale,Kimono Forest at Randen Arashiyama,12:10-12:40,Photo Spot,Kyoto,Wander through 600 illuminated kimono poles—perfect midday photo op before heading south.,Free entry beside Randen tram station. Capture boomerang videos under the sky projection well.,None.,You + Nana,No,You + Nana,¥0,A$0.00,Pick favourite pattern for future custom yukata order.,Kimono Forest,"20-2 Sagatenryūji Tsukurimichichō, Ukyo Ward, Kyoto, 616-8384, Japan",4.2,1914,https://maps.google.com/?cid=14328627673236365801,+81 75-882-5110,http://www.kyotoarashiyama.jp/about
3,2025-11-16,Sunday,Kyoto Arashiyama & Fushimi fairytale,Fushimi Inari Taisha golden hour climb,16:00-18:00,Culture,Kyoto,"Trace thousands of vermilion torii, pausing at Yotsutsuji for Kyoto panorama as lanterns begin to glow.",JR Nara Line to Inari (30 min). Climb to summit (~90 min round trip) with kitsune snack stops.,None; consider renting kimono early morning for evening return photos.,You + Nana,No,You + Nana,¥0,A$0.00,Write shared wish on torii ema for upcoming Tokyo meet-ups.,Fushimi Inari Taisha,"68 Fukakusa Yabunouchichō, Fushimi Ward, Kyoto, 612-0882, Japan",4.6,80845,https://maps.google.com/?cid=8870624639634301673,+81 75-641-7331,https://inari.jp/
3,2025-11-16,Sunday,Kyoto Arashiyama & Fushimi fairytale,Gekkeikan Okura Sake Museum tasting flight,18:15-19:30,Food & Drink,Kyoto,"Sample aged sake in the heart of Fushimi, blending history with guided tasting notes perfect for gifting.",Walk 12 minutes from Inari to Chushojima area (or quick Keihan ride). Last tasting entry 19:00.,"Reserve premium tasting course (¥1,000) for English guide availability.",You + Nana,No,You + Nana,"¥2,000",A$19.05,Ship bottle set to Nana’s apartment to avoid luggage weight.,Gekkeikan Ōkura Sake Museum,"247 Minamihamachō, Fushimi Ward, Kyoto, 612-8660, Japan",4.2,4341,https://maps.google.com/?cid=9137465178982848979,+81 75-623-2056,https://www.gekkeikan.co.jp/enjoy/museum/
4,2025-11-17,Monday,Nara deer magic & Uji tea whispers,Tōdai-ji Daibutsuden,09:00-10:30,Culture,Nara,Stand beneath the 15-meter bronze Buddha and enjoy the morning chanting echoing through the ancient hall.,"Kintetsu rapid to Nara (55 min). Buy combo ticket (¥1,000) covering museum if interested.",Arrive at opening to avoid school groups.,You + Nana,No,You + Nana,"¥2,000",A$19.05,Carry deer senbei in tote pocket for surprise cameos.,Tōdai-ji,"406-1 Zōshichō, Nara, 630-8587, Japan",4.6,28507,https://maps.google.com/?cid=17911005107283377295,+81 742-22-5511,https://www.todaiji.or.jp/
4,2025-11-17,Monday,Nara deer magic & Uji tea whispers,Nara Park deer moments,10:30-11:30,Nature,Nara,"Stroll tree-lined paths feeding polite deer, capturing playful bows and autumn leaves.",Deer crackers ¥200; sanitize hands frequently. Stay near central lawn to keep timeline on track.,None.,You + Nana,No,You + Nana,¥600,A$5.71,Watch for deer nibbling maps—store paper items securely.,Nara Park,"Nara, Japan",4.5,67869,https://maps.google.com/?cid=17972930374069941334,+81 742-22-0375,https://www3.pref.nara.jp/park/
4,2025-11-17,Monday,Nara deer magic & Uji tea whispers,Nakatanidou mochi theatrics,11:40-12:10,Food,Nara,Catch the famous high-speed mochi pounding show and snack on warm yomogi mochi dusted in kinako.,5-minute walk from Kintetsu Nara Station. Shows roughly every 30 minutes—arrive just before noon.,None; cash only (¥130 per mochi).,You + Nana,No,You + Nana,¥500,A$4.76,Record slow-mo video for Instagram reel.,Nakatanidou,"29 Hashimotochō, Nara, 630-8217, Japan",4.3,5426,https://maps.google.com/?cid=14561917136571056776,+81 742-23-0141,http://www.nakatanidou.jp/
4,2025-11-17,Monday,Nara deer magic & Uji tea whispers,Byōdō-in Phoenix Hall,13:30-15:00,Culture,Uji,"Admire the iconic Phoenix Hall mirrored in the reflecting pond, stepping inside for the gold-leaf interior tour.",JR Nara Line to Uji (30 min). Entry ¥700 + ¥300 museum; interior tour timed—collect tickets upon arrival.,Optional: pre-book English audio guide.,You + Nana,No,You + Nana,"¥2,000",A$19.05,Pick up commemorative ¥10 coin reproduction from gift shop.,Byodo-in Temple,"Renge-116 Uji, Kyoto 611-0021, Japan",4.5,20470,https://maps.google.com/?cid=6954706348575164324,+81 774-21-2861,https://www.byodoin.or.jp/
4,2025-11-17,Monday,Nara deer magic & Uji tea whispers,Tsuen Tea master tasting,15:00-16:00,Food & Drink,Uji,"Sip hand-whisked matcha and gyokuro flight at the world’s oldest tea shop, learning whisk techniques from tea masters.","Located beside Uji Bridge; reserve tea experience (¥2,500 pp). Allow extra time to browse teaware.",Book tasting counter 2 weeks ahead; request English notes.,You + Nana,No,You + Nana,"¥5,000",A$47.62,Buy travel-friendly canisters for Tokyo friend gifts.,Tsuen Main Branch,"Higashiuchi-1 Uji, Kyoto 611-0021, Japan",4.3,1052,https://maps.google.com/?cid=2102438674156082753,+81 774-21-2243,http://www.tsuentea.com/
5,2025-11-18,Tuesday,Hirakata work-play balance,Hirakata T-SITE coworking lounge,08:30-12:00,Work Base,Hirakata,Settle into T-SITE’s airy 4F coworking zone with killer library aesthetics while Nana logs into the office nearby.,"5-minute walk from Hirakatashi Station. Day pass ¥1,650 with unlimited drip coffee.",Reserve desk via Kansai Cowork app; request window seats.,You + Nana (working),Yes,You + Nana (working),"¥1,650",A$15.71,Print Disney/USJ booking confirmations using onsite printers.,Hirakata T-SITE,"12-２ Okahigashichō, Hirakata, Osaka 573-0032, Japan",3.9,6056,https://maps.google.com/?cid=17127482803001824153,+81 72-844-9000,https://store.tsite.jp/hirakata/
5,2025-11-18,Tuesday,Hirakata work-play balance,Café & Meal MUJI Hirakata T-SITE,12:15-13:00,Food,Hirakata,"Healthy tray lunch of seasonal deli picks, miso soup, and yuzu soda to keep energy up mid-workday.","Order 4-item plate (~¥1,100). Grab take-home snacks for train rides later in the week.",No reservations; self-service ordering kiosk.,You + Nana,Yes,You + Nana,"¥2,200",A$20.95,Check MUJI travel section for packing cubes before Tokyo.,Hirakata T-SITE,"12-２ Okahigashichō, Hirakata, Osaka 573-0032, Japan",3.9,6056,https://maps.google.com/?cid=17127482803001824153,+81 72-844-9000,https://store.tsite.jp/hirakata/
5,2025-11-18,Tuesday,Hirakata work-play balance,Gokurakuyu Hirakata evening soak,18:30-20:00,Wellness,Hirakata,Reward the workday with rotenburo and carbonated baths at the local sentō/spa complex.,Short taxi from station (~¥700). Bring onsen kit; tattoos require cover stickers (available at front desk).,No booking needed; entry ¥850 + ¥220 towel rental.,You + Nana,Yes,You + Nana,"¥2,140",A$20.38,"Try the salt sauna and schedule shoulder massage (+¥2,000).",Gokuraku-yu Hirakata,"3-chōme-8-1 Shōdaitajika, Hirakata, Osaka 573-1132, Japan",3.8,1657,https://maps.google.com/?cid=7875082954910224352,+81 72-867-4126,https://www.gokurakuyu.com/hirakata/hirakata.html
5,2025-11-18,Tuesday,Hirakata work-play balance,Kushikatsu Tanaka Hirakata,20:15-21:30,Food,Hirakata,"Late-night skewers, DIY sauce, and highball towers steps from Nana’s station—casual, comforting, delicious.","Book corner booth; share kushi-katsu set + cheese fondue skewers. Average spend ¥3,000 for two with drinks.",Use Tabelog to secure 20:15 slot (English-friendly).,You + Nana,Yes,You + Nana,"¥6,000",A$57.14,Ask staff about November limited-time skewers for birthday week inspiration.,Kushikatsu Tanaka,"19-1 Okahigashichō, Hirakata, Osaka 573-0032, Japan",4.5,1335,https://maps.google.com/?cid=12975794440701677436,+81 72-896-9450,https://kushi-tanaka.com/restaurant/detail/hirakata-mall?utm_source=google&utm_medium=maps&utm_campaign=gmb
6,2025-11-19,Wednesday,"Kyoto zen, tea, and machiya stay",Kinkaku-ji (Golden Pavilion),08:30-09:30,Culture,Kyoto,Glimpse the shimmering pavilion mirrored in Kyōko-chi pond just as the sun illuminates autumn leaves.,Keihan to Demachiyanagi → bus 204 (35 min). Purchase ¥500 tickets at gate; follow one-way path.,No reservations; arrive before tour buses.,You + Nana,No,You + Nana,"¥1,000",A$9.52,Pick up matcha soft serve at exit if lines are short.,Kinkaku-ji,"1 Kinkakujichō, Kita Ward, Kyoto, 603-8361, Japan",4.5,61939,https://maps.google.com/?cid=1073025677330113631,+81 75-461-0013,https://www.shokoku-ji.jp/kinkakuji/
6,2025-11-19,Wednesday,"Kyoto zen, tea, and machiya stay",Ryōan-ji Zen rock garden,09:45-10:30,Culture,Kyoto,Contemplate the famed 15-stone karesansui garden in a serene morning setting.,Walk 15 minutes from Kinkaku-ji. Entry ¥500; remove shoes when entering the temple hall.,None.,You + Nana,No,You + Nana,"¥1,000",A$9.52,Pair with nearby yudofu shop if craving a warm snack.,Ryōan-ji,"13 Ryōanji Goryōnoshitachō, Ukyo Ward, Kyoto, 616-8001, Japan",4.5,10281,https://maps.google.com/?cid=16261116435795248450,+81 75-463-2216,http://www.ryoanji.jp/
6,2025-11-19,Wednesday,"Kyoto zen, tea, and machiya stay",Camellia GARDEN tea ceremony,11:30-12:30,Experience,Kyoto,"Hands-on tea ceremony in a hidden garden near Ninenzaka, blending cultural insight with meditative calm.",Taxi from Ryōan-ji to Ninenzaka (20 min). Arrive 10 minutes early for optional kimono dressing.,"Book private session (¥6,000 pp) via camellia-tea-ceremony.com; request English host Nozomi.",You + Nana,No,You + Nana,"¥12,000",A$114.29,Bring socks for tatami; photography allowed after ceremony.,Tea Ceremony Camellia GARDEN,"18 Ryōanji Ikenoshitachō, Ukyo Ward, Kyoto, 616-8003, Japan",4.9,149,https://maps.google.com/?cid=9161111180576021376,+81 70-5656-7808,http://www.tea-kyoto.com/
6,2025-11-19,Wednesday,"Kyoto zen, tea, and machiya stay",Honke Owariya main store lunch,13:00-14:00,Food,Kyoto,Taste Kyoto’s oldest soba paired with tempura and seasonal sweets in a 550-year-old merchant house.,"10-minute walk from Camellia. Try Hourai soba set (~¥1,600).",Call to reserve upstairs tatami seating; mention dietary notes.,You + Nana,No,You + Nana,"¥3,500",A$33.33,Purchase soba cookies for tea-time gifts.,Honke Owariya Main Branch,"322 Niōmontsukinukechō, Nakagyo Ward, Kyoto, 604-0841, Japan",4.3,2271,https://maps.google.com/?cid=16359369336265180348,+81 75-231-3446,http://honke-owariya.co.jp/
6,2025-11-19,Wednesday,"Kyoto zen, tea, and machiya stay",Kyomachiya Ryokan Sakura Urushitei,15:00 check-in,Lodging,Kyoto,"Check into an artisan machiya with hinoki baths, yukata sets, and traditional breakfast service.","Walk 12 minutes from Karasuma Station. Request luggage forwarding from Osaka using Yamato (~¥1,500).",Book courtyard suite for 19 Nov; include breakfast and kaiseki dinner upgrade.,You + Nana,No,You + Nana,"¥40,000",A$380.95,Arrange tatami tea-time photos before dinner.,Kyomachiya Ryokan Sakura Urushitei,"425 Kichimonjichō, Shimogyo Ward, Kyoto, 600-8069, Japan",4.5,630,https://maps.google.com/?cid=3664127484669648848,+81 75-343-0003,https://www.kyoto-ryokan-sakura.com/urushi/home_jp/
6,2025-11-19,Wednesday,"Kyoto zen, tea, and machiya stay",Hanamikoji twilight stroll,17:30-18:30,Culture,Kyoto,Evening walk through Gion’s lantern-lit lanes hoping for a glimpse of maiko en route to engagements.,10-minute walk from ryokan. Stay respectful—no flash photography or blocking paths.,Optional: book Gion cultural guide for deeper insights.,You + Nana,No,You + Nana,¥0,A$0.00,Stop by Tatsumi Bridge for couple portraits.,Hanamikoji-dori,"Hanamikoji-dori, Higashiyama Ward, Kyoto, Japan",,,https://maps.google.com/?cid=17005749363295018432,,
7,2025-11-20,Thursday,Kyoto dawn to Osaka skyline,Kiyomizu-dera sunrise blessings,06:00-07:15,Culture,Kyoto,Beat the crowds to watch sunlight spill over Kyoto from the wooden stage while bells echo.,Stay near temple overnight; gates open 06:00. Carry ¥400 entry fee in coins.,None.,You + Nana,No,You + Nana,¥800,A$7.62,Collect omikuji for upcoming Tokyo luck.,Kiyomizu-dera,"1-chōme-294 Kiyomizu, Higashiyama Ward, Kyoto, 605-0862, Japan",4.5,62527,https://maps.google.com/?cid=7111013964196361402,+81 75-551-1234,https://www.kiyomizudera.or.jp/
7,2025-11-20,Thursday,Kyoto dawn to Osaka skyline,Sannenzaka & Ninenzaka slow stroll,07:15-08:00,Shopping,Kyoto,Browse early-opening ceramics and craft shops before day-trippers flood the slopes.,Start at Kiyomizu exit; stop at Starbucks Ninenzaka for Kyoto-only merch at 08:00.,None; pre-list must-visit boutiques.,You + Nana,No,You + Nana,"¥4,000",A$38.10,Buy engraved chopsticks for birthday dinner table settings.,Sannenzaka,"2-chōme-211 Kiyomizu, Higashiyama Ward, Kyoto, 605-0862, Japan",4.4,15276,https://maps.google.com/?cid=11767990651930696711,,
7,2025-11-20,Thursday,Kyoto dawn to Osaka skyline,Kyoto Yakiniku Hiro (Shijo Kiyamachi),12:00-13:30,Food,Kyoto,Indulge in wagyu lunch set with river views before heading back to Osaka.,"Reserve tatami booth; lunch set ~¥3,500 pp. Use luggage storage at ryokan until departure.",Book via TableCheck; note allergy preferences.,You + Nana,No,You + Nana,"¥7,000",A$66.67,Split premium platter to sample A5 cuts.,Yakiniku Hiro Shijo Kiyamachi,"674-2 Kamiyachō, Nakagyo Ward, Kyoto, 600-8001, Japan",4.2,490,https://maps.google.com/?cid=3280333615075260841,+81 75-251-1129,https://www.instagram.com/yakinikuhiro/
7,2025-11-20,Thursday,Kyoto dawn to Osaka skyline,Kyoto Station Sky Garden,14:00-14:45,Viewpoint,Kyoto,Catch futuristic architecture and secret rooftop garden before boarding the train south.,Take escalators to 11F; free entry. Grab Kyoto-style ekiben for train.,None.,You + Nana,No,You + Nana,¥0,A$0.00,Film time-lapse of escalator axis for trip vlog.,Kyoto Station,"Higashishiokoji Kamadonocho, Shimogyo Ward, Kyoto, 600-8216, Japan",4.3,8358,https://maps.google.com/?cid=13121875705491233800,,https://www.jr-odekake.net/eki/top.php?id=0610116
7,2025-11-20,Thursday,Kyoto dawn to Osaka skyline,OMO7 Osaka by Hoshino Resorts check-in,16:00-16:30,Lodging,Osaka,"Shift to a design-forward stay with tatami lounges, onsen-style baths, and Osaka-focused concierge tours.",JR Kyoto Line to Tennoji (~45 min). Request skyline view room; enjoy welcome sweets.,Stay Nov 20 only; add breakfast buffet and sauna package.,You + Nana,No,You + Nana,"¥32,000",A$304.76,Ask concierge to arrange Friday morning shuttle to Hirakata.,OMO7 Osaka by Hoshino Resorts,"3-chōme-16-30 Ebisunishi, Naniwa Ward, Osaka, 556-0003, Japan",4.2,1842,https://maps.google.com/?cid=10904178204825139386,+81 50-3134-8095,https://hoshinoresorts.com/ja/hotels/omo7osaka/?utm_source=google&utm_medium=mybusiness
7,2025-11-20,Thursday,Kyoto dawn to Osaka skyline,Umeda Sky Building sunset cocktails,17:30-19:00,Viewpoint,Osaka,Toast with sky-high cocktails as Osaka transitions from gold to neon at the Floating Garden Observatory.,"JR Loop to Osaka Station; elevator + escalator to 39F. Entry ¥1,500 pp; bar menu extra.",Pre-book sunset slot; bring smartphone gimbal for skyline shots.,You + Nana,No,You + Nana,"¥6,000",A$57.14,Scout vantage points for birthday sparkler photos.,Umeda Sky Building,"1-chōme-1-88 Ōyodonaka, Kita Ward, Osaka, 531-6023, Japan",4.4,36888,https://maps.google.com/?cid=6323866581023509245,,https://www.skybldg.co.jp/en/
8,2025-11-21,Friday,Focused Friday & gentle Hirakata evening,Hirakata T-SITE cowork reset,08:30-11:30,Work Base,Hirakata,"Return to favourite desks for focus time, finalise Tokyo to-do lists, and sync with friends online.",Grab corner booths with power outlets; schedule midday break at 11:30.,Reuse multi-day pass for coworking discount.,You + Nana,Yes,You + Nana,"¥1,650",A$15.71,Ship Kyoto purchases via Yamato counter downstairs.,Hirakata T-SITE,"12-２ Okahigashichō, Hirakata, Osaka 573-0032, Japan",3.9,6056,https://maps.google.com/?cid=17127482803001824153,+81 72-844-9000,https://store.tsite.jp/hirakata/
8,2025-11-21,Friday,Focused Friday & gentle Hirakata evening,Hirakata Park retro amusements,15:30-17:30,Experience,Hirakata,"Celebrate end of workweek with gentle coasters, Ferris wheel selfies, and warm crepes in the vintage amusement park.","Discount twilight tickets from 15:00 (~¥1,500). Keep ride choices mild ahead of shinkansen weekend.",Check seasonal illumination schedule; pre-book if limited.,You + Nana,Yes,You + Nana,"¥3,000",A$28.57,Ride Sky Walker for panoramic sunset over Osaka riverways.,Hirakata Park,"1-1 Hirakatakōenchō, Hirakata, Osaka 573-0054, Japan",4.3,8973,https://maps.google.com/?cid=6647979896880488689,,http://www.hirakatapark.co.jp/
8,2025-11-21,Friday,Focused Friday & gentle Hirakata evening,Torisei Hirakata sake dinner,18:30-20:00,Food,Hirakata,Charcoal yakitori matched with Fushimi sake flights before packing for Tokyo.,"Book counter seats; budget ¥3,500 for shared platters. Order seasonal hotpot special.",Reserve by phone; mention celebratory trip for omakase extras.,You + Nana,Yes,You + Nana,"¥7,000",A$66.67,Gift staff sake from Gekkeikan visit.,鳥せい 枚方モール店,"19-1 Okahigashichō, Hirakata, Osaka 573-0032, Japan",3.2,51,https://maps.google.com/?cid=2157355754970212496,+81 72-807-8884,https://akr2875411535.owst.jp/
8,2025-11-21,Friday,Focused Friday & gentle Hirakata evening,Kuzuha Mall late-night prep run,20:15-21:30,Shopping,Hirakata,"Final stop for Heattech, birthday décor, and Shinkansen snacks.",Keihan line 3 minutes from Hirakatashi. Visit Loft + Kaldi Coffee Farm for treats.,None.,You + Nana,Yes,You + Nana,"¥12,000",A$114.29,Print Tokyo itinerary at Aeon copy station if needed.,Kuzuha Mall,"15-1 Kuzuhahanazonochō, Hirakata, Osaka 573-1121, Japan",3.9,6325,https://maps.google.com/?cid=18201673667111364488,+81 72-866-3300,http://kuzuha-mall.com/
9,2025-11-22,Saturday,Tokyo fashion convergence,sequence MIYASHITA PARK check-in,11:30-12:00,Lodging,Tokyo,Drop bags at the design hotel hugging Miyashita Park—perfect base between Shibuya and Harajuku.,Nozomi 16 from Shin-Osaka (08:00-10:30). Early baggage drop available; request high-floor park view.,Reserve 1 night (Nov 22) double room; ask for late checkout 12:00.,You + Nana,No,You + Nana,"¥26,000",A$247.62,Use hotel lockers for Nicole & Ken’s bags if they arrive early.,Sequence Miyashita Park,"MIYASHITA PARK North, 6-chōme-20-10 Jingūmae, Shibuya, Tokyo 150-0001, Japan",3.9,809,https://maps.google.com/?cid=9510849312829855018,+81 3-5468-6131,https://www.sequencehotels.com/miyashita-park/?utm_source=googlebusinessprofile&utm_medium=google&utm_campaign=maps
9,2025-11-22,Saturday,Tokyo fashion convergence,Afuri Harajuku yuzu ramen lunch,12:30-13:30,Food,Tokyo,Freshen up with light yuzu shio ramen and vegan seasonal bowls before diving into Takeshita chaos.,Order via vending machine; share karaage side. Seating limited—arrive before peak rush.,No reservations; have Suica ready for quick payment.,You + Nana + Nicole + Ken,No,You + Nana + Nicole + Ken,"¥5,000",A$47.62,Nicole loves spicy—grab the tsukemen option for her.,AFURI Harajuku,"Japan, 〒151-0051 Tokyo, Shibuya, Sendagaya, 3-chōme−63−１ グランデフォレスタ原宿 1F",4.4,4205,https://maps.google.com/?cid=14658399961265590294,,https://afuri.com/
9,2025-11-22,Saturday,Tokyo fashion convergence,Takeshita Street & Harajuku ateliers,13:30-16:30,Shopping,Tokyo,"Hop between Laforet pop-ups, 6%DOKIDOKI, and vintage sneaker shops while trying crepes and purikura booths.",Create shared AirDrop album for haul photos. Visit Moshi Moshi Box for free Wi-Fi & maps.,Book 15:00 purikura slot at NOA Café for group shots.,You + Nana + Nicole + Ken,No,You + Nana + Nicole + Ken,"¥20,000",A$190.48,Pick matching accessories for birthday party outfits.,Takeshita Street,"Takeshita St, 1-chōme Jingūmae, Shibuya, Tokyo 150-0001, Japan",,,https://maps.google.com/?cid=14032878377351675573,,
9,2025-11-22,Saturday,Tokyo fashion convergence,Shibuya Sky golden hour meet-up,17:00-18:30,Viewpoint,Tokyo,Meet James for panoramic city views as the scramble lights up below—capture drone-like shots from the helipad deck.,"Pre-book 17:00 entry (¥2,200). Lockers for bags; no tripods allowed but smartphone gimbals ok.",Purchase tickets 2 months ahead; reserve Sky Gallery café seating.,You + Nana + Nicole + Ken + James,No,You + Nana + Nicole + Ken + James,"¥11,000",A$104.76,Coordinate surprise mini cake for James via café staff.,Shibuya Sky,"Japan, 〒150-6145 Tokyo, Shibuya, 2-chōme−24−１２ スクランブルスクエア 14階・45階 46階・屋上",4.6,20819,https://maps.google.com/?cid=8067212359343678579,+81 3-4221-0229,https://www.shibuya-scramble-square.com/sky/
9,2025-11-22,Saturday,Tokyo fashion convergence,Gonpachi Shibuya dinner,19:00-21:00,Food,Tokyo,"Izakaya feast with yakitori, sushi rolls, and sake flights inspired by Kill Bill vibes to cap the day.","10-minute walk from Shibuya Crossing. Order set menu (~¥5,000 pp) plus vegetarian sides for Ken.",Reserve private tatami room for 6; mention birthdays for dessert sparklers.,You + Nana + Nicole + Ken + James,No,You + Nana + Nicole + Ken + James,"¥30,000",A$285.71,Pay via credit card; split bill later using shared tracker.,Gonpachi Shibuya,"Japan, 〒150-0044 Tokyo, Shibuya, Maruyamachō, 3−６ E-Space Tower, １４Ｆ フロアA",4.1,1856,https://maps.google.com/?cid=5535728105966142773,+81 50-5443-0489,https://gonpachi.jp/shibuya/
10,2025-11-23,Sunday,Digital daydreams & Tokyo sleepover,teamLab Planets TOKYO DMM,09:00-11:00,Immersive Art,Tokyo,"Barefoot, multi-sensory art spaces with mirrored water rooms—perfect for collaborative photos.",Yurikamome to Shin-Toyosu. Bring small towel for water installations.,"Book 09:00 slot (¥3,800 pp). Add photo plan for digital downloads.",You + Nana + Nicole + Ken,No,You + Nana + Nicole + Ken,"¥15,200",A$144.76,Coordinate matching monochrome outfits for reflective shots.,teamLab Planets TOKYO DMM,"6-chōme-1-16 Toyosu, Koto City, Tokyo 135-0061, Japan",4.5,44313,https://maps.google.com/?cid=7918542870314997282,,https://www.teamlab.art/jp/e/planets/
10,2025-11-23,Sunday,Digital daydreams & Tokyo sleepover,Pokémon Café Nihonbashi,12:00-13:30,Food,Tokyo,"Adorable character plates, latte art, and special edition merch with tableside Pikachu show.","5F Takashimaya annex; arrive 15 minutes early to check in. Average spend ¥3,000 pp.",Reservations open exactly 31 days in advance at 18:00 JST—set reminder.,You + Nana + Nicole + Ken,No,You + Nana + Nicole + Ken,"¥12,000",A$114.29,Order seasonal dessert for Ken’s birthday shout-out.,Pokemon Cafe Tokyo Nihombashi,"Japan, 〒103-0027 Tokyo, Chuo City, Nihonbashi, 2-chōme−11−２ 髙島屋S.C.東館 ５階",4.2,2747,https://maps.google.com/?cid=4725603843889793061,+81 3-6262-3439,https://www.pokemon-cafe.jp/ja/cafe/
10,2025-11-23,Sunday,Digital daydreams & Tokyo sleepover,MIMARU Tokyo Shinjuku WEST pajama party,15:00 check-in,Lodging,Tokyo,"Apartment-style suite with tatami bunk beds, kitchen for snacks, and board games for a nostalgic sleepover.",Taxi from Nihonbashi (~25 min). Request Pokémon-themed room if available.,Book 2-bedroom suite for Nov 23; add breakfast basket.,You + Nana + Nicole + Ken,No,You + Nana + Nicole + Ken,"¥36,000",A$342.86,Set up projector for Mario Kart tournament.,MIMARU TOKYO SHINJUKU WEST,"3-chōme-3-11 Nishishinjuku, Shinjuku City, Tokyo 160-0023, Japan",4.7,441,https://maps.google.com/?cid=15607418906888136225,+81 3-6258-1512,https://mimaruhotels.com/ja/hotel/shinjuku-west/?utm_source=google&utm_medium=map&utm_campaign=shinjuku
10,2025-11-23,Sunday,Digital daydreams & Tokyo sleepover,Karaoke Kan Shibuya all-out session,20:00-22:30,Nightlife,Tokyo,"Sing through anime themes, K-pop, and nostalgic hits with drink package and custom cake delivery.",Reserve party room with neon lighting; bring Polaroid for instant keepsakes.,Book 3-hour plan with unlimited soft drinks + two cocktails per person.,You + Nana + Nicole + Ken,No,You + Nana + Nicole + Ken,"¥18,000",A$171.43,Queue duet playlist curated earlier in Spotify.,Karaoke Kan Shibuya,"Japan, 〒150-0042 Tokyo, Shibuya, Udagawachō, 30−８ K&F ビル",3.5,138,https://maps.google.com/?cid=7596898140513591090,+81 3-3462-0785,https://karaokekan.jp/shop/detail/30
11,2025-11-24,Monday,Disney dreams & return to Kansai,Tokyo DisneySea adventure,08:00-19:00,Theme Park,Tokyo,"Soar on Soaring, dive into Journey to the Center, and catch the evening Harbor of Dreams show with Christmas overlays.",Resort line from Maihama Station; use Premier Access for Soaring + Journey to shorten queues.,"Buy 1-day passports (¥10,900 pp) + 2 Premier Access per headline attraction.",You + Nana + Nicole + Ken,No,You + Nana + Nicole + Ken,"¥43,600",A$415.24,Coordinate group outfits (earth-tone Disney-bounding).,Tokyo DisneySea,"1-13 Maihama, Urayasu, Chiba 279-8511, Japan",4.6,98975,https://maps.google.com/?cid=4703760703938833701,+81 45-330-5211,https://www.tokyodisneyresort.jp/tds/
11,2025-11-24,Monday,Disney dreams & return to Kansai,Disney Ambassador Hotel lounge reset,13:30-15:00,Lodging,Tokyo,Afternoon tea at Hyperion Lounge to recharge mid-park with seasonal desserts and photo ops.,5-minute walk from park entrance; deposit bags with bell desk before lounge visit.,Reserve 14:00 seating via official app; note birthday celebration.,You + Nana + Nicole + Ken,No,You + Nana + Nicole + Ken,"¥16,000",A$152.38,Collect exclusive hotel pin for keepsake board.,Disney Ambassador Hotel,"2-11 Maihama, Urayasu, Chiba 279-8522, Japan",4.5,5989,https://maps.google.com/?cid=6044710685353048397,+81 47-305-1111,https://www.tokyodisneyresort.jp/hotel/dah/
11,2025-11-24,Monday,Disney dreams & return to Kansai,Nozomi ride home with ekiben,19:40-22:30,Transport,Tokyo → Osaka,Board Nozomi 273 back to Shin-Osaka with Tokyo Station bento feast and birthday countdown playlist planning.,Depart Tokyo Station 19:40 (arrive 22:13). Reserve seats in car 13 for luggage space.,Use smartEX app to book seats; pick up at ticket machine.,You + Nana,No,You + Nana,"¥30,000",A$285.71,Wave goodbye to Nicole & Ken as they head back to Chiba.,Tokyo Station,"1 Chome-9 Marunouchi, Chiyoda City, Tokyo 100-0005, Japan",4.3,14010,https://maps.google.com/?cid=11114180190203192,,https://www.tokyoinfo.com/
12,2025-11-25,Tuesday,Osaka regroup & culture night,Hirakata T-SITE cowork catch-up,08:30-11:30,Work Base,Hirakata,"Dial back into work mode, archive Tokyo photos, and prep Osaka birthday logistics alongside Nana.",Book day desk again; bring souvenirs for Nana’s colleagues.,Consider 5-day pass if returning later.,You + Nana (working),Yes,You + Nana (working),"¥1,650",A$15.71,Ship Nicole & Ken’s leftover gifts via Yamato.,Hirakata T-SITE,"12-２ Okahigashichō, Hirakata, Osaka 573-0032, Japan",3.9,6056,https://maps.google.com/?cid=17127482803001824153,+81 72-844-9000,https://store.tsite.jp/hirakata/
12,2025-11-25,Tuesday,Osaka regroup & culture night,Osaka Museum of Housing and Living,15:30-17:00,Culture,Osaka,Wander Edo-period Osaka streets recreated indoors—rent yukata for photos and learn urban history.,Subway to Tenjinbashisuji 6-chome; lockers available for bags. Entry ¥600.,Reserve time slot online (English site) to skip queue.,You + Nana,Yes,You + Nana,"¥2,000",A$19.05,Add optional kimono rental (~¥500) for photos.,"Osaka Municipal Housing Museum ""Osaka Museum of Housing and Living""","Japan, 〒530-0041 Osaka, Kita Ward, Tenjinbashi, 6-chōme−4−２０ 大阪市立住まい情報センタービル 8F",4.2,7776,https://maps.google.com/?cid=10674462834411964257,+81 6-6242-1170,https://www.osaka-angenet.jp/konjyakukan/
12,2025-11-25,Tuesday,Osaka regroup & culture night,Torame Yokocho night market dinner,19:00-21:00,Food,Osaka,"Graze across Osaka comfort classics—takoyaki, kushikatsu, craft beer—under a retro neon arcade.","Located in Namba. Reload ICOCA before arrival; mix-and-match small plates (~¥4,000 total).",No bookings; arrive early to secure communal table.,You + Nana,Yes,You + Nana,"¥8,000",A$76.19,Scout dessert at adjoining “Electric Cafe” for matcha parfaits.,Uranamba Torame Yokocho,"2-chōme-3-15 Sennichimae, Chuo Ward, 大阪市中央区 Osaka 542-0074, Japan",4,699,https://maps.google.com/?cid=6273016228902860999,+81 6-6636-4510,http://www.虎目横丁.com/
13,2025-11-26,Wednesday,Kobe herb breezes & onsen glow,Kobe Nunobiki Herb Gardens & Ropeway,09:30-12:00,Nature,Kobe,Glide up the ropeway for panoramic views and wander fragrant greenhouses with seasonal blooms.,"JR rapid to Shin-Kobe (30 min). Ropeway combo ticket ¥1,800; arrive early for crowd-free photos.",Purchase e-tickets online for express entry.,You + Nana,No,You + Nana,"¥3,600",A$34.29,Try herb soft serve at summit café.,Kobe Nunobiki Herb Gardens & Ropeway,"1-chōme-4-3 Kitanochō, Chuo Ward, Kobe, Hyogo 650-0002, Japan",4.5,5426,https://maps.google.com/?cid=9393563791333494613,+81 78-271-1160,https://www.kobeherb.com/
13,2025-11-26,Wednesday,Kobe herb breezes & onsen glow,Steakland Kobe lunch set,12:30-14:00,Food,Kobe,Classic teppan Kobe beef lunch with live chef performance—best value wagyu feast.,"10-minute walk from Sannomiya. Lunch set ¥3,480 pp includes soup, salad, rice, dessert.",Call morning-of to secure counter seats; note medium-rare preference.,You + Nana,No,You + Nana,"¥8,000",A$76.19,Add garlic chips and sparkling sake pairing.,Steakland Kobe-kan,"Japan, 〒650-1112 Hyogo, Kobe, Chuo Ward, Kitanagasadōri, 1-chōme−9−１７ 三宮興業ビル ６階",4,8710,https://maps.google.com/?cid=4268193972152431843,+81 78-332-2900,https://steakland-kobe.jp/
13,2025-11-26,Wednesday,Kobe herb breezes & onsen glow,Arima Onsen Taiko-no-yu,15:00-18:00,Wellness,Arima,"Soak in gold and silver springs, explore cave baths, and book a private relaxation room.","Hankyu Bus from Sannomiya (35 min). Entry ¥2,750; rent yukata + towel set.","Reserve private tatami lounge for two hours (+¥3,000).",You + Nana,No,You + Nana,"¥8,000",A$76.19,Hydrate with locally bottled carbonated Arima water.,Taikou-no-Yu Hot Spring,"池の尻-292-2 Arimachō, Kita Ward, Kobe, Hyogo 651-1401, Japan",3.7,2448,https://maps.google.com/?cid=16499097178660564879,+81 78-904-2291,http://www.taikounoyu.com/
13,2025-11-26,Wednesday,Kobe herb breezes & onsen glow,Kobe Harborland night stroll,19:00-20:30,Night Stroll,Kobe,"Capture mosaic lights, ride the Ferris wheel if energy allows, and share harbourfront desserts.",JR to Kobe Station; 5-minute walk. Check Luminarie schedule for possible early displays.,None.,You + Nana,No,You + Nana,"¥2,000",A$19.05,Try Godiva hot chocolate for warm hands.,Kobe Harborland,"1 Chome-7 Higashikawasakicho, Chuo Ward, Kobe, Hyogo 650-0044, Japan",4.2,10038,https://maps.google.com/?cid=12749193704110128037,+81 78-360-3639,https://www.harborland.co.jp/
14,2025-11-27,Thursday,Super Nintendo World power-up,Universal Studios Japan flagship day,08:00-21:00,Theme Park,Osaka,"Hit Super Nintendo World at rope drop, chase Jujutsu Kaisen XR ride, and close with Night Parade.",JR Yumesaki Line to Universal City. Enter park 07:30 with early-entry Express Pass 7.,Purchase USJ tickets + Express Pass (type 7) three months out; reserve Kinopio’s Café lunch.,You + Nana,No,You + Nana,"¥52,000",A$495.24,Bring power bank & wearable wristband for Power-Up Band challenges.,Universal Studios Japan,"2-chōme-1-33 Sakurajima, Konohana Ward, Osaka, 554-0031, Japan",4.5,140422,https://maps.google.com/?cid=3892796888607511210,+81 570-200-606,https://www.usj.co.jp/web/ja/jp
15,2025-11-28,Friday,Osaka birthday supernova,W Osaka check-in & suite styling,14:00-15:00,Lodging,Osaka,"Secure a Marvelous Suite for party-ready lighting, stash decorations, and arrange welcome amenities.",Check-in early via Marriott Bonvoy elite chat; request high-floor city view and extra vanity mirrors.,Stay Nov 28-30; add birthday amenity + late checkout on 30 Nov.,You (setup) + Nana after work + Nicole & Ken (guest access),Yes,You (setup) + Nana after work + Nicole & Ken (guest access),"¥95,000",A$904.76,Set up Polaroid guest book & confetti balloons before guests arrive.,W Osaka,"4-chōme-1-3 Minamisenba, Chuo Ward, Osaka, 542-0081, Japan",4.2,1662,https://maps.google.com/?cid=2705746213831136029,+81 6-6484-5355,https://www.marriott.com/en-us/hotels/osaow-w-osaka/overview/?scid=f2ae0541-1279-4f24-b197-a979c79310b0
15,2025-11-28,Friday,Osaka birthday supernova,MYDO Teppanyaki birthday dinner,18:30-20:30,Food,Osaka,"Table-side wagyu, flambéed seafood, and custom dessert with dual birthday shout-outs for you and Ken.",Located inside W Osaka. Request private teppan counter with six seats.,Pre-order cake + champagne tower; confirm shellfish allergies.,You + Nana + Nicole + Ken,Yes,You + Nana + Nicole + Ken,"¥60,000",A$571.43,Play curated playlist through restaurant’s sound system (share via Spotify link).,Mydo,"4-chōme-1-9 Minamisenba, Chuo Ward, Osaka, 542-0081, Japan",4.3,91,https://maps.google.com/?cid=4258381221987283802,+81 6-6484-5812,https://mydo.wosaka.com/
15,2025-11-28,Friday,Osaka birthday supernova,Karaoke Kan Shinsaibashi takeover,21:00-23:30,Nightlife,Osaka,"Private neon room with unlimited drinks, photobooth props, and birthday slideshow during choruses.",Reserve VIP room; bring HDMI cable for slideshow. Order sparkling sake tower.,Book 3-hour premium plan with open bar via Jalan Net.,You + Nana + Nicole + Ken + Osaka friends (optional),Yes,You + Nana + Nicole + Ken + Osaka friends (optional),"¥24,000",A$228.57,Surprise Ken with co-birthday montage at 22:00.,Karaokekan Namba-ebisubashi honten,"Japan, 〒542-0076 Osaka, Chuo Ward, Namba, 1-chōme−5−１６ 大阪B&Vビル",3.6,204,https://maps.google.com/?cid=2046130830251139311,+81 6-4708-1061,https://karaokekan.jp/shop/detail/182
15,2025-11-28,Friday,Osaka birthday supernova,Bar Nayuta sky cocktails,23:45-01:00,Nightlife,Osaka,Wind down with rooftop mixology featuring yuzu gin fizzes and dessert cocktails overlooking Osaka Castle lights.,5-minute taxi from karaoke. Dress smart-casual; limited seating at counter.,Reserve 23:45 slot; request custom drink named “Japlan Nova”.,You + Nana + Nicole + Ken,Yes,You + Nana + Nicole + Ken,"¥16,000",A$152.38,Bring small thank-you gifts for bartenders (Aussie chocolate).,Bar Nayuta,"Japan, 〒542-0086 Osaka, Chuo Ward, Nishishinsaibashi, 1-chōme−6−１７ マリオビル5F",4.7,1212,https://maps.google.com/?cid=8702241179377055165,+81 6-6210-3615,http://bar-nayuta.com/
16,2025-11-29,Saturday,Kyoto foliage finale with friends,Eikan-dō Zenrin-ji morning glow,09:30-11:00,Culture,Kyoto,Marvel at fiery maple reflections in the Hojo Pond and climb the Tahoto pagoda for sweeping views.,"Keihan from Yodoyabashi to Jingū-Marutamachi then taxi (15 min). Entry ¥1,000; illumination tickets separate.",Buy advance tickets online to skip queue; bring printed QR codes.,You + Nana + Nicole + Ken,No,You + Nana + Nicole + Ken,"¥4,000",A$38.10,Shoot birthday-week group photo on the Hojo Bridge.,Eikandō Temple,"48 Eikandōchō, Sakyo Ward, Kyoto, 606-8445, Japan",4.6,8800,https://maps.google.com/?cid=2060121541776026964,+81 75-761-0007,http://www.eikando.or.jp/
16,2025-11-29,Saturday,Kyoto foliage finale with friends,Philosopher’s Path stroll,11:00-12:00,Nature,Kyoto,"Leisurely walk along the canal beneath amber leaves, stopping for craft boutiques and gelato.",Start near Eikan-dō and head north; peek into artisanal shops like Ginkaku-ji Seseragi.,None.,You + Nana + Nicole + Ken,No,You + Nana + Nicole + Ken,"¥2,000",A$19.05,Grab seasonal gelato at Sfera Bar Satén en route.,Tetsugaku No Michi,"Tetsugaku No Michi, Sakyo Ward, Kyoto, Japan",,,https://maps.google.com/?cid=13093296689021343783,,
16,2025-11-29,Saturday,Kyoto foliage finale with friends,Okutan Nanzenji yudofu lunch,12:30-13:45,Food,Kyoto,Traditional tofu kaiseki in a tatami room overlooking a moss garden—warming and serene.,"Reserve tatami room; lunch course ¥3,800 pp. Remove shoes at entry.",Call ahead; mention vegetarian-friendly preferences.,You + Nana + Nicole + Ken,No,You + Nana + Nicole + Ken,"¥16,000",A$152.38,Pre-order sansho pepper tofu for take-home treat.,Okutan Nanzenji,"86-30 Nanzenji Fukuchichō, Sakyo Ward, Kyoto, 606-8435, Japan",4.1,285,https://maps.google.com/?cid=737529368844235860,+81 75-771-8709,
16,2025-11-29,Saturday,Kyoto foliage finale with friends,Tōfuku-ji autumn canopies,14:30-16:00,Culture,Kyoto,Stroll across Tsutenkyo Bridge for jaw-dropping maple valley views and temple gardens.,Keihan to Tofukuji Station; timed entry queue moves quickly (~20 min).,"Purchase timed tickets online if available; otherwise buy on arrival (¥1,000).",You + Nana + Nicole + Ken,No,You + Nana + Nicole + Ken,"¥4,000",A$38.10,Visit Kaisando for quieter contemplation.,Tōfuku-ji Temple,"15-chōme-778 Honmachi, Higashiyama Ward, Kyoto, 605-0981, Japan",4.5,10246,https://maps.google.com/?cid=7117677159742707137,+81 75-561-0087,https://tofukuji.jp/
16,2025-11-29,Saturday,Kyoto foliage finale with friends,Kōdai-ji night illumination,18:00-19:30,Culture,Kyoto,"Nighttime light-up across Zen gardens and bamboo grove, culminating in mirror pond projections.","Taxi from Tofuku-ji (15 min). Evening entry ¥1,000; ends 21:30.",Buy combo ticket with Entoku-in for extra installations.,You + Nana + Nicole + Ken,No,You + Nana + Nicole + Ken,"¥4,000",A$38.10,Return to Osaka via Keihan Gion-Shijo after illumination.,Kōdaiji Temple,"Japan, 〒605-0825 Kyoto, Higashiyama Ward, Shimokawarachō, 高台寺下河原町５２６",4.4,9204,https://maps.google.com/?cid=2616919559259342976,+81 75-561-9966,https://www.kodaiji.com/
17,2025-11-30,Sunday,Chill finale & departure,Takamura Wine & Coffee Roasters brunch,10:00-11:30,Food,Osaka,Celebrate the journey with artisanal coffee cupping and light brunch in a lofted roastery.,Taxi from W Osaka (10 min). Reserve tasting flight with seasonal beans.,Book cupping session for two; pick up beans for home brewing.,You + Nana + Nicole + Ken,No,You + Nana + Nicole + Ken,"¥8,000",A$76.19,Purchase natural wine for holiday gifting (ship via EMS).,Takamura Wine & Coffee Roasters,"2-chōme-2-18 Edobori, Nishi Ward, Osaka, 550-0002, Japan",4.4,1678,https://maps.google.com/?cid=18436798584987103295,+81 6-6443-3519,http://takamuranet.com/
17,2025-11-30,Sunday,Chill finale & departure,Rinku Premium Outlets spree,13:00-16:00,Shopping,Izumisano,"Outlet hop for last-minute gifts—Onitsuka Tiger, Coach, Nintendo Tokyo satellite—and sunset pier views.",JR rapid or Nankai to Rinku-Town (40 min). Use hands-free delivery counter for extra bags.,Download coupon QR via official site for extra 10% savings.,You + Nana,No,You + Nana,"¥30,000",A$285.71,Ride Rinku OOTD Ferris wheel if time allows.,りんくうプレミアム・アウトレット,"3-28 Rinkūōraiminami, Izumisano, Osaka 598-8508, Japan",4.1,14913,https://maps.google.com/?cid=14141131390446530690,+81 50-1721-5234,https://www.premiumoutlets.co.jp/rinku/
17,2025-11-30,Sunday,Chill finale & departure,Kansai International Airport departure,18:00-23:00,Departure,Osaka,"Check in early, enjoy KIX Lounge showers, and savour final takoyaki before overnight flight home.",Hotel limo or Nankai Rapi:t to KIX (~45 min). Arrive 3 hours pre-flight for tax-free refund pickup.,Confirm airline upgrade waitlist; pre-book KIX lounge seats via Priority Pass.,You + Nana,No,You + Nana,¥0,A$0.00,Hand-carry matcha and sake; ensure liquids follow allowance.,Terminal 1,"Terminal 1, Osaka, Japan",,,https://maps.google.com/?cid=12104414214768042484,,
